[
    {
        "id": 1,
        "title": "10 Disabled YouTubers You Should Subscribe To For Learning More About Life With Disabilities",
        "content": "10 Disabled YouTubers You Should Subscribe To For Learning More About Life With Disabilities",
        "creation_date":"AUGUST 17, 2021",
        "author":"Edrik Richard"
    },
    {
        "id": 2,
        "title": "A Timeline Of The Science Behind Cure Rare Disease",
        "content": "This past month, Cure Rare Disease’s first customized therapeutic一developed using CRISPR technology to treat Duchenne muscular dystrophy一began its final stage of testing leading up to dosing this fall. This CRISPR therapeutic will be one of the first of its kind to be delivered systemically to the human body, an accomplishment built on decades of science and research. As we approach this huge milestone in CRD’s mission, we wanted to reflect on the path that has gotten us here today.First Off, What is CRISPR?For patients with Duchenne muscular dystrophy, CRISPR technology offers one of the greatest opportunities to restore the dystrophin protein to muscles by editing the DMD gene. Short for clusters of regularly interspaced short palindromic repeats, CRISPR relies on a complex immune response that bacteria use to fend off viruses by cutting their DNA.Researchers discovered how to harness this mechanism by programming CRISPR to act as “molecular scissors,” deleting or replacing strands of mutated DNA to modify gene function. In the case of Duchenne, it can be used to restore the ability of the DMD gene to produce dystrophin",
        "creation_date":"AUGUST 4, 2021",
        "author":"Issa Bella"
    },
    {
        "id": 3,
        "title": "Small Business Administration",
        "content": "The U.S. Small Business Administration was set up by Congress in 1953 to “aid, counsel, assist, and protect … the interests of small business concerns.” Since then, they’ve significantly grown, and they now provide a wide range of programs to encourage small enterprise. The website has information on virtually every aspect of operating a small business and details funding options and requirements for becoming a government contractor.Their business blog is relatively hidden on the site — there’s so much information the blog portion tends to hide. Recent posts advise small to medium businesses on topics like financial tips for starting a business from home, training your first employees, and the biggest marketing mistakes new entrepreneurs tend to make",
        "creation_date":"11 March 2020",
        "author":"James Clear"
    },
    {
        "id": 4,
        "title": "Derek Sivers’ Blog",
        "content": "Derek Sivers’ blog uses one of the most straightforward layouts on the net. Derek has had a varied career, which includes time as a musician, producer, circus performer, entrepreneur, TED speaker, and book publisher. His is more than just a business blog, as Derek also discusses his fascination with the psychology of self-improvement, business, philosophy, and culture.Derek often uses his posts to ponder topics at the intersection of work and life. For example, in his essay “Don’t start a business until people are asking you to,” he wonders why people try to start a business too early. “I meet a lot of people who want to start a business,” he writes. “Some don’t have an idea yet. I don’t understand this. It’s like wanting to wear a bandage when you don’t have a wound.”",
        "creation_date":"4 August 2017 ",
        "author":"Derek Sivers"
    }
]